Date,AUD,CAD,CHF,EUR,GBP,JPY,NOK,NZD,SEK,USD
197601,100.00,100.00,100.00,100.00,100.00,100.00,100.00,100.00,100.00,100.00
197602,100.81,100.71,100.00,100.63,101.33,100.68,100.82,101.61,100.87,100.35
197603,101.63,101.06,99.81,101.05,101.78,101.03,102.05,103.21,101.75,100.35
197604,102.44,101.41,99.81,101.47,103.56,103.42,102.87,104.59,102.62,100.70
197605,103.26,102.12,99.61,101.68,104.89,103.93,103.69,105.96,103.49,101.40
197606,104.07,102.83,99.81,101.68,105.33,104.10,104.92,107.34,104.37,102.11
197607,105.05,103.53,100.00,101.68,105.33,104.62,105.74,108.49,104.37,102.46
197608,106.03,103.53,100.39,101.89,107.11,104.10,105.74,109.63,105.24,103.16
197609,107.00,103.89,100.19,102.11,108.44,106.67,106.15,110.78,105.24,103.51
197610,108.96,104.59,100.39,102.32,110.22,107.18,106.15,111.93,106.99,103.86
197611,110.91,104.95,100.58,102.53,112.00,107.18,106.56,113.07,107.42,104.21
197612,112.87,105.30,100.78,102.95,113.33,108.55,106.97,114.22,107.86,104.56
197701,113.84,106.36,100.97,104.00,116.44,109.40,109.02,115.14,109.17,105.26
197702,114.82,107.07,100.97,104.42,117.33,110.09,109.84,116.06,110.48,106.32
197703,115.80,108.48,100.78,104.63,118.67,110.60,111.48,116.97,111.35,107.02
197704,116.61,108.83,100.97,105.05,121.78,112.48,112.30,118.81,112.66,107.72
197705,117.43,110.25,100.97,105.47,122.67,113.50,113.11,120.64,114.41,108.42
197706,118.24,110.60,101.56,105.89,124.00,112.99,113.93,122.48,116.59,109.12
197707,119.06,112.01,101.56,105.68,124.00,112.82,115.57,123.85,117.90,109.47
197708,119.87,112.01,101.56,105.68,124.89,112.99,115.57,125.23,118.34,109.82
197709,120.68,113.07,101.75,105.89,125.33,114.70,115.98,126.61,119.21,110.18
197710,121.66,114.13,101.95,105.89,125.78,115.56,116.39,128.21,120.09,110.53
197711,122.64,114.49,101.75,106.11,126.67,114.19,116.39,129.82,120.96,111.23
197712,123.62,115.19,101.95,106.32,127.11,114.02,116.80,131.42,121.83,111.58
197801,124.10,115.90,101.95,107.16,128.00,114.36,119.26,132.34,124.45,112.28
197802,124.59,116.96,102.14,107.58,128.89,115.04,119.67,133.26,125.76,112.98
197803,125.08,118.02,102.14,107.79,129.33,116.07,121.31,134.17,125.76,114.04
197804,126.06,118.37,102.34,108.21,131.56,117.26,121.31,135.32,126.64,114.74
197805,127.04,119.79,102.53,108.42,132.00,117.95,121.72,136.47,127.51,115.79
197806,128.01,120.85,102.73,108.84,133.33,117.44,122.54,137.61,127.51,117.19
197807,128.66,122.61,102.73,108.63,133.78,117.95,123.77,138.76,127.95,117.89
197808,129.32,122.97,102.73,108.42,134.67,118.12,123.77,139.91,127.95,118.60
197809,129.97,122.61,102.53,108.21,135.11,119.32,125.82,141.06,128.82,119.65
197810,130.94,124.03,102.34,108.42,135.56,119.66,125.82,142.20,129.69,120.70
197811,131.92,124.73,102.53,108.84,136.89,118.46,126.23,143.35,130.13,121.05
197812,132.90,125.09,102.73,109.05,137.78,118.29,126.23,144.50,131.00,121.75
197901,133.71,125.80,103.12,110.11,140.00,118.46,125.82,145.64,131.88,122.81
197902,134.53,127.56,104.29,110.53,140.89,118.12,126.64,146.79,132.75,124.21
197903,135.34,128.98,104.68,111.16,142.22,119.32,126.64,147.94,133.62,125.26
197904,136.48,129.68,105.07,111.58,144.44,120.68,127.46,150.23,134.06,127.02
197905,137.62,131.10,105.46,112.00,145.78,121.71,128.28,152.52,134.93,128.42
197906,138.76,131.80,106.82,112.63,148.44,121.88,128.69,154.82,135.81,129.82
197907,139.90,132.86,107.21,113.26,154.67,123.08,129.10,157.34,136.68,131.23
197908,141.04,133.22,107.02,113.47,156.00,121.71,129.51,159.86,138.43,132.63
197909,142.18,134.28,107.41,113.89,157.33,123.25,129.92,162.39,138.86,134.04
197910,143.65,135.34,107.41,114.11,159.11,124.79,131.15,164.45,140.61,135.09
197911,145.11,136.75,107.80,114.74,160.44,124.27,131.97,166.51,142.36,136.49
197912,146.58,137.46,107.99,114.95,161.78,125.13,131.97,168.58,143.67,137.89
198001,147.72,138.16,108.38,115.58,165.78,126.32,134.43,170.87,148.47,139.65
198002,148.86,139.58,108.58,117.05,168.00,127.35,136.48,173.17,150.66,141.75
198003,150.00,140.64,108.77,117.47,170.22,128.03,138.52,175.46,151.53,143.86
198004,151.30,141.70,109.36,118.11,176.00,130.43,139.75,177.75,152.40,145.61
198005,152.61,143.46,109.94,118.74,177.78,131.45,140.98,180.05,152.84,147.02
198006,153.91,144.88,110.33,119.16,179.56,131.97,143.03,182.34,153.28,148.42
198007,154.89,145.94,110.72,119.37,180.89,132.14,144.26,184.63,154.59,148.42
198008,155.86,147.70,111.50,119.37,181.33,131.79,145.49,186.93,155.46,149.82
198009,156.84,148.76,111.50,119.37,182.22,134.02,146.72,189.22,159.83,150.88
198010,157.82,149.82,111.31,119.58,183.56,134.36,148.36,191.51,162.01,152.28
198011,158.79,151.94,112.28,120.42,184.89,134.53,148.77,193.81,163.32,153.68
198012,159.77,152.65,112.67,121.26,186.22,134.19,150.00,196.10,163.76,155.09
198101,161.07,154.77,113.84,122.53,187.11,135.56,154.51,197.94,166.81,156.14
198102,162.38,156.54,115.01,123.37,188.89,135.38,155.74,199.77,170.31,157.89
198103,163.68,158.66,115.79,124.42,191.56,135.73,159.02,201.61,171.18,158.95
198104,164.98,159.72,115.59,125.05,197.33,136.92,159.84,204.36,172.05,160.00
198105,166.29,160.78,116.57,125.68,198.67,138.12,160.66,207.11,172.93,161.40
198106,167.59,163.60,117.35,126.11,199.56,138.29,162.30,209.86,173.80,162.81
198107,168.57,164.66,117.93,126.95,200.44,137.95,164.75,212.61,175.55,164.56
198108,169.54,166.08,119.69,127.16,202.22,137.26,164.75,215.37,176.86,165.96
198109,170.52,167.49,119.88,127.79,203.11,139.49,166.39,218.12,178.17,167.37
198110,172.96,169.26,119.49,128.42,204.89,139.83,166.80,220.87,179.04,167.72
198111,175.41,170.32,120.27,129.05,207.11,139.66,167.21,223.62,179.91,168.42
198112,177.85,171.02,120.27,129.47,208.44,139.83,168.03,226.38,179.04,168.77
198201,178.99,172.44,120.86,130.53,209.78,139.83,172.95,228.90,182.97,169.47
198202,180.13,174.56,121.05,130.74,209.78,139.66,174.18,231.42,185.59,169.82
198203,181.27,176.68,121.25,130.74,211.56,139.83,177.05,233.94,186.03,169.82
198204,182.74,177.74,121.83,131.16,216.00,140.85,178.28,237.84,186.90,170.53
198205,184.20,179.86,123.39,132.21,217.33,141.54,178.28,241.74,187.77,172.28
198206,185.67,181.98,124.56,133.68,217.78,141.54,179.92,245.64,188.65,174.39
198207,187.79,183.04,125.15,133.68,218.22,140.68,183.20,248.62,189.96,175.09
198208,189.90,183.75,125.93,133.68,218.22,141.71,183.20,251.61,190.39,175.44
198209,192.02,184.81,126.51,134.11,217.78,143.76,184.43,254.59,191.27,175.79
198210,193.81,185.87,126.71,134.74,219.11,144.27,185.66,256.88,193.89,176.49
198211,195.60,186.93,127.29,134.95,220.00,142.91,186.89,259.17,195.63,176.14
198212,197.39,186.93,126.71,135.37,219.56,142.74,187.70,261.47,196.07,175.44
198301,198.86,186.57,126.51,136.00,220.00,142.91,190.57,262.16,200.44,175.79
198302,200.33,187.63,126.71,136.00,220.89,142.39,191.80,262.84,200.44,175.79
198303,201.79,189.75,127.10,136.00,221.33,143.25,193.44,263.53,201.31,175.79
198304,203.26,189.75,127.49,136.21,224.44,143.76,194.26,264.22,203.06,177.19
198305,204.72,190.11,127.49,136.63,225.33,145.30,194.67,264.91,203.93,178.25
198306,206.19,191.87,128.07,137.05,225.78,144.44,195.90,265.60,205.24,178.60
198307,207.33,192.93,127.88,137.68,227.11,143.76,197.13,266.51,206.99,179.65
198308,208.47,193.99,128.07,138.11,228.00,143.42,197.13,267.43,207.86,180.00
198309,209.61,193.99,128.27,138.32,229.33,145.13,198.77,268.35,209.61,181.05
198310,211.24,195.05,128.65,138.32,230.22,146.32,199.59,269.04,211.35,181.40
198311,212.87,195.05,129.43,138.74,230.67,145.64,200.00,269.72,212.66,181.75
198312,214.50,195.41,129.43,138.95,231.56,145.13,200.82,270.41,213.97,182.11
198401,214.17,196.82,130.02,139.58,231.11,145.64,202.87,271.10,217.03,183.16
198402,213.84,197.88,130.41,140.00,232.44,146.50,204.10,271.79,216.16,183.86
198403,213.52,198.23,131.19,140.21,232.89,146.84,206.15,272.48,219.21,184.21
198404,213.84,198.94,131.38,140.21,236.00,147.01,207.38,274.54,220.96,185.26
198405,214.17,198.94,131.19,140.42,236.89,148.21,207.38,276.61,222.27,185.61
198406,214.50,200.00,131.58,140.84,237.78,147.01,208.20,278.67,221.83,186.32
198407,215.31,200.71,131.38,140.84,237.33,147.35,209.43,281.42,222.27,187.02
198408,216.12,200.71,131.77,140.42,239.56,146.15,209.02,284.17,224.02,187.72
198409,216.94,201.06,131.77,140.63,240.00,148.38,211.07,286.93,225.33,188.77
198410,218.08,201.77,132.55,141.47,241.33,149.57,211.48,289.91,226.64,189.12
198411,219.22,202.83,133.33,141.47,242.22,148.72,212.30,292.89,227.95,189.12
198412,220.36,202.83,133.33,141.68,242.22,149.06,213.11,295.87,231.44,189.12
198501,221.34,203.89,134.50,142.53,243.11,149.57,214.34,300.23,233.19,189.47
198502,222.31,205.30,135.67,143.16,244.89,148.89,215.16,304.59,234.93,190.53
198503,223.29,205.30,136.45,143.58,247.11,149.57,217.62,308.94,236.68,191.23
198504,225.08,206.36,136.26,143.79,252.44,150.43,218.44,314.22,237.99,191.93
198505,226.87,207.07,136.06,143.79,253.78,150.77,219.26,319.50,240.61,192.63
198506,228.66,208.13,136.06,143.79,254.22,150.77,220.90,324.77,239.74,193.33
198507,230.29,209.19,135.87,143.79,253.78,150.94,221.72,327.75,239.74,193.68
198508,231.92,209.19,135.67,143.37,254.22,150.77,220.90,330.73,239.30,194.04
198509,233.55,209.54,136.26,143.37,254.22,150.77,222.95,333.72,240.61,194.74
198510,235.18,210.25,136.45,143.58,254.67,152.14,223.77,336.24,241.92,195.44
198511,236.81,210.60,137.43,143.79,255.56,150.94,224.59,338.76,243.67,195.79
198512,238.44,211.66,137.62,144.00,255.56,151.11,225.00,341.28,244.54,196.49
198601,240.23,212.72,137.43,144.42,256.44,151.79,227.46,343.81,247.60,196.84
198602,242.02,213.78,137.43,144.21,257.33,151.62,227.87,346.33,247.60,196.49
198603,243.81,214.49,137.62,143.79,257.33,151.45,229.92,348.85,247.16,195.44
198604,245.11,214.49,137.62,143.79,260.00,151.97,231.15,352.06,248.47,195.09
198605,246.42,215.55,137.23,143.79,260.44,152.31,231.56,355.28,248.47,195.79
198606,247.72,215.90,137.04,143.79,260.44,151.62,235.25,358.49,248.47,196.84
198607,250.00,217.67,136.45,143.37,259.56,151.11,238.11,362.39,249.34,196.84
198608,252.28,218.02,136.84,142.74,260.44,150.77,238.52,366.28,248.91,197.19
198609,254.56,218.02,137.04,142.95,261.78,151.62,242.21,370.18,251.09,197.89
198610,256.84,219.43,137.04,142.53,262.22,151.79,243.44,381.19,251.97,198.25
198611,259.12,220.49,137.43,142.32,264.44,150.94,243.85,392.20,252.40,198.25
198612,261.40,220.49,137.62,142.53,265.33,150.77,245.08,403.21,252.84,198.60
198701,263.19,221.20,138.40,143.37,266.22,150.09,248.77,406.42,255.02,199.65
198702,264.98,222.26,138.79,143.37,267.56,150.09,251.23,409.63,255.90,200.35
198703,266.78,222.97,138.99,143.37,268.00,150.77,253.69,412.84,256.33,201.40
198704,268.08,224.38,139.18,143.79,271.11,152.14,254.51,417.43,257.21,202.46
198705,269.38,225.44,138.40,143.79,271.56,152.31,254.92,422.02,257.21,203.16
198706,270.68,226.15,138.79,144.00,271.56,152.14,256.15,426.61,256.77,203.86
198707,272.15,227.56,138.99,144.00,271.11,151.28,257.38,428.90,259.83,204.56
198708,273.62,227.92,139.38,143.79,272.00,151.45,257.38,431.19,261.14,205.61
198709,275.08,227.92,139.18,143.58,272.89,152.82,261.07,433.49,263.76,206.67
198710,276.87,228.62,139.77,143.79,274.22,152.82,261.48,436.47,265.07,207.02
198711,278.66,229.68,140.16,143.79,275.56,152.14,262.30,439.45,265.94,207.37
198712,280.46,230.04,140.16,144.00,275.11,151.97,263.11,442.43,265.94,207.37
198801,282.08,230.39,140.55,144.63,275.11,151.45,266.39,444.95,267.25,207.72
198802,283.71,231.10,141.33,144.84,276.00,151.11,268.03,447.48,269.00,208.42
198803,285.34,232.51,141.52,144.84,276.89,151.79,271.72,450.00,270.31,209.47
198804,286.97,233.22,141.91,145.26,280.44,152.48,272.54,451.15,272.93,210.53
198805,288.60,234.63,141.52,145.47,281.78,152.65,273.36,452.29,273.80,211.23
198806,290.23,235.34,141.72,145.68,282.67,152.31,274.59,453.44,274.67,211.93
198807,292.02,236.40,141.52,145.68,282.67,152.14,274.59,454.82,275.98,212.98
198808,293.81,236.75,141.91,145.47,283.56,152.48,274.18,456.19,276.42,213.68
198809,295.60,237.10,141.91,145.68,284.89,153.68,277.87,457.57,278.60,215.09
198810,297.56,238.52,142.11,145.89,286.22,154.53,278.28,459.40,280.79,215.79
198811,299.51,238.87,142.69,146.32,287.56,153.85,278.28,461.24,281.22,216.14
198812,301.47,238.87,142.88,146.74,288.00,153.33,277.87,463.07,281.66,216.49
198901,302.44,240.28,143.66,148.00,288.89,153.16,279.92,464.68,285.15,217.54
198902,303.42,241.70,144.44,148.42,289.78,152.65,281.15,466.28,286.46,218.60
198903,304.40,243.11,144.83,148.63,291.11,153.33,283.61,467.89,287.77,219.65
198904,307.00,243.82,145.61,149.47,295.11,156.07,284.84,469.72,290.39,221.05
198905,309.61,246.29,145.81,149.68,296.44,157.09,286.07,471.56,291.70,222.46
198906,312.21,247.35,146.00,149.89,297.78,156.92,287.30,473.39,292.58,222.81
198907,314.50,249.12,145.61,149.68,297.33,156.58,287.70,478.90,292.58,223.51
198908,316.78,249.47,146.20,149.68,297.78,156.41,287.30,484.40,293.89,223.86
198909,319.06,249.82,146.78,149.89,300.00,157.78,289.34,489.91,296.07,224.56
198910,321.01,250.88,147.37,150.32,302.22,158.97,289.75,491.97,298.69,225.61
198911,322.96,251.24,149.12,150.74,303.11,157.26,289.75,494.04,299.13,226.32
198912,324.92,251.24,150.10,151.16,303.56,157.44,289.75,496.10,300.44,226.67
199001,326.87,253.36,151.07,152.00,304.89,158.12,291.80,497.71,308.73,228.77
199002,328.83,255.12,151.46,152.63,306.67,158.29,293.03,499.31,310.04,229.82
199003,330.78,255.83,152.05,152.63,308.44,158.97,296.31,500.92,318.34,231.23
199004,332.57,255.83,152.44,152.84,313.78,160.34,296.31,503.90,319.65,231.58
199005,334.36,257.24,153.02,153.26,316.89,161.03,297.13,506.88,321.40,232.28
199006,336.16,258.30,153.22,153.26,318.22,160.51,297.95,509.86,321.40,233.33
199007,336.97,259.36,153.41,153.26,317.33,160.17,297.95,511.47,324.45,234.39
199008,337.79,259.72,154.97,153.89,320.89,160.85,297.95,513.07,326.64,236.49
199009,338.60,260.42,155.75,154.32,324.00,162.05,300.82,514.68,330.13,238.25
199010,341.53,262.54,156.73,155.37,326.67,163.76,303.28,516.51,332.31,240.00
199011,344.46,264.31,158.09,155.16,327.11,163.59,303.28,518.35,333.62,240.35
199012,347.39,263.96,158.09,155.16,326.67,163.42,302.46,520.18,333.19,240.35
199101,347.23,271.02,159.26,156.21,326.67,164.44,303.69,521.33,341.05,241.75
199102,347.07,271.02,161.01,156.84,328.44,163.93,304.51,522.48,350.66,242.11
199103,346.91,271.73,161.01,156.84,329.33,164.79,306.56,523.62,351.53,242.46
199104,347.07,271.73,161.40,157.47,340.44,165.81,307.79,523.85,353.71,242.81
199105,347.23,273.14,162.77,158.11,343.11,166.50,308.61,524.08,354.15,243.51
199106,347.39,274.56,163.35,158.95,344.89,165.98,308.61,524.31,353.71,244.21
199107,348.05,274.91,163.35,160.84,344.00,165.81,309.02,524.77,353.71,244.56
199108,348.70,275.27,164.33,160.84,345.33,166.15,308.61,525.23,353.28,245.26
199109,349.35,274.56,164.52,160.84,347.11,166.32,311.07,525.69,356.77,246.67
199110,350.49,274.20,164.72,163.16,348.89,168.21,311.07,525.69,358.08,247.02
199111,351.63,275.27,166.67,164.00,350.22,168.55,311.07,525.69,359.83,247.72
199112,352.77,273.85,166.28,164.21,350.22,167.69,311.07,525.69,359.39,247.72
199201,352.77,275.27,167.06,165.05,349.33,167.35,311.07,526.38,358.95,248.07
199202,352.77,275.27,168.23,166.11,351.11,167.18,311.48,527.06,358.95,249.12
199203,352.77,275.97,168.81,166.74,352.89,168.03,314.34,527.75,360.70,250.18
199204,352.44,276.33,169.01,167.37,356.44,169.74,315.16,528.21,361.57,250.53
199205,352.12,276.68,169.59,167.79,357.78,169.91,315.57,528.67,361.57,250.88
199206,351.79,277.39,170.18,168.21,358.22,169.74,316.39,529.13,360.70,251.93
199207,351.79,278.09,169.59,168.84,356.44,168.55,316.80,529.82,360.26,252.28
199208,351.79,278.09,170.18,168.84,356.44,169.06,315.98,530.50,360.70,252.98
199209,351.79,278.09,170.37,168.63,357.78,169.74,317.21,531.19,365.94,254.04
199210,352.44,278.45,170.57,168.84,358.67,169.91,317.62,531.65,366.38,254.74
199211,353.09,279.86,172.12,169.47,359.11,169.57,318.03,532.11,364.63,255.09
199212,353.75,279.86,171.93,169.68,359.11,169.57,317.62,532.57,365.94,255.09
199301,354.89,280.92,172.90,172.63,357.33,169.40,318.85,532.57,375.98,256.14
199302,356.03,281.63,174.07,173.89,359.56,169.57,319.67,532.57,377.29,257.19
199303,357.17,281.27,174.85,174.32,361.33,170.09,322.54,532.57,378.60,257.89
199304,357.49,281.27,175.44,174.95,365.33,171.28,323.36,533.72,380.35,258.60
199305,357.82,281.98,175.63,175.16,366.67,171.45,323.36,534.86,379.48,258.95
199306,358.14,281.98,175.44,175.58,366.67,171.28,323.77,536.01,378.17,259.30
199307,358.79,282.69,175.44,176.42,365.33,171.79,323.36,536.93,377.29,259.30
199308,359.45,283.04,176.22,176.42,366.67,172.14,322.54,537.84,377.73,260.00
199309,360.10,283.04,176.22,176.21,368.44,172.31,324.18,538.76,381.22,260.70
199310,360.26,283.75,176.22,176.21,368.00,172.14,324.18,538.99,382.53,261.75
199311,360.42,285.16,176.02,176.42,367.11,171.28,324.18,539.22,382.53,262.11
199312,360.59,284.45,176.22,176.84,368.00,171.45,323.77,539.45,381.22,262.11
199401,361.07,284.45,176.41,177.89,366.67,171.62,322.95,539.45,382.10,262.81
199402,361.56,281.98,177.19,179.16,368.44,171.62,324.18,539.45,383.41,263.51
199403,362.05,281.98,177.19,179.37,369.33,172.31,325.82,539.45,384.72,264.56
199404,362.87,281.98,177.39,179.58,372.89,172.65,326.23,540.37,386.46,264.91
199405,363.68,281.27,176.22,180.21,373.78,172.82,326.64,541.28,387.34,264.91
199406,364.50,281.98,176.41,180.42,373.78,172.14,327.46,542.20,387.34,265.96
199407,365.31,283.04,176.41,180.84,371.56,171.45,327.87,544.27,387.34,266.67
199408,366.12,283.39,177.19,181.26,373.78,172.14,327.87,546.33,387.34,267.72
199409,366.94,283.75,177.19,180.84,374.22,172.65,329.51,548.39,390.83,268.42
199410,367.92,283.04,177.00,180.63,373.33,173.50,329.92,550.46,391.27,268.77
199411,368.89,284.81,177.00,180.84,373.78,172.99,329.92,552.52,391.27,269.12
199412,369.87,285.16,177.00,181.26,375.56,172.48,329.92,554.59,390.39,269.12
199501,371.82,286.22,178.36,181.89,375.56,172.48,331.56,556.88,391.70,270.18
199502,373.78,287.28,179.92,182.95,377.33,171.97,332.79,559.17,393.45,271.23
199503,375.73,287.99,179.92,182.95,379.11,171.79,334.84,561.47,394.76,271.93
199504,377.36,289.05,180.12,183.16,381.33,172.31,334.84,563.30,397.38,272.98
199505,378.99,289.75,179.73,183.16,383.11,172.65,335.25,565.14,397.82,273.33
199506,380.62,289.75,180.12,183.37,383.56,172.48,336.07,566.97,397.38,274.04
199507,382.25,290.46,180.12,183.79,381.33,171.62,336.07,567.20,396.94,274.04
199508,383.88,289.75,180.51,183.79,383.56,171.79,335.25,567.43,396.51,274.74
199509,385.50,290.11,180.70,183.79,385.33,172.82,337.30,567.66,399.13,275.09
199510,386.48,289.75,180.51,183.37,384.44,172.31,336.89,568.81,400.00,276.14
199511,387.46,290.81,180.51,183.37,384.44,171.79,336.89,569.95,400.00,276.14
199512,388.44,290.11,180.51,184.00,386.67,171.79,336.89,571.10,398.69,275.79
199601,388.93,290.81,180.90,184.42,385.78,171.62,335.25,572.02,398.25,277.54
199602,389.41,291.17,181.29,185.47,387.56,171.28,335.66,572.94,398.69,278.25
199603,389.90,292.23,181.68,185.68,388.89,171.62,336.89,573.85,400.44,279.65
199604,390.88,292.93,181.87,185.68,391.11,172.65,338.52,575.23,401.31,280.70
199605,391.86,293.99,181.09,185.89,392.44,172.99,338.93,576.61,400.87,281.40
199606,392.83,293.99,181.48,186.11,392.89,172.48,338.93,577.98,399.56,281.40
199607,393.16,293.99,181.29,186.32,390.22,172.31,340.57,579.13,398.69,282.11
199608,393.49,293.99,181.68,186.32,392.44,172.14,340.16,580.28,396.94,282.46
199609,393.81,294.35,181.87,186.32,394.22,172.82,341.39,581.42,399.13,283.51
199610,393.97,295.05,182.07,186.32,394.22,173.16,343.03,582.80,399.13,284.56
199611,394.14,296.47,181.68,186.11,394.22,172.65,343.03,584.17,398.69,284.91
199612,394.30,296.47,181.87,186.74,395.56,172.82,342.62,585.55,397.82,284.91
199701,394.46,296.82,182.46,188.21,393.78,172.65,345.49,585.09,397.82,285.96
199702,394.63,297.53,182.85,188.63,394.67,172.31,346.72,584.63,397.82,286.67
199703,394.79,297.88,182.46,188.63,395.56,172.48,347.13,584.17,399.13,287.37
199704,394.46,297.88,182.65,188.21,397.33,176.07,347.13,584.40,401.31,287.72
199705,394.14,298.23,182.07,188.84,398.22,176.41,347.95,584.63,401.31,287.72
199706,393.81,298.94,182.26,189.05,399.11,176.41,348.77,584.86,401.75,288.07
199707,393.32,298.94,182.07,190.53,397.78,175.73,347.95,585.78,400.87,288.42
199708,392.83,299.29,182.46,190.74,400.00,175.90,347.95,586.70,401.31,288.77
199709,392.35,299.29,182.46,190.32,401.33,177.09,349.59,587.61,405.24,289.47
199710,392.67,299.29,182.46,190.11,401.33,177.61,350.00,588.53,405.24,290.18
199711,393.00,298.94,182.46,190.11,401.78,176.41,350.41,589.45,404.80,290.18
199712,393.32,298.59,182.65,190.53,402.22,176.07,350.82,590.37,404.37,289.82
199801,393.65,300.35,182.46,190.53,399.56,175.90,352.46,590.83,400.44,290.18
199802,393.97,300.71,182.65,190.95,401.33,175.73,353.69,591.28,400.00,290.88
199803,394.30,301.06,182.65,190.74,402.22,176.41,355.33,591.74,400.87,291.58
199804,395.11,300.71,182.65,190.95,404.44,176.75,355.74,592.66,401.75,291.93
199805,395.93,301.41,182.26,191.37,406.67,177.26,355.33,593.58,402.62,292.63
199806,396.74,301.77,182.46,191.58,405.78,176.58,356.15,594.50,401.75,292.98
199807,397.07,301.77,182.26,192.21,403.56,175.56,356.56,595.41,400.87,293.33
199808,397.39,301.77,182.85,191.79,405.33,175.38,355.33,596.33,398.69,293.68
199809,397.72,301.41,182.65,191.37,407.11,176.75,357.79,597.25,400.44,294.04
199810,398.37,302.47,182.65,191.16,407.11,177.95,358.20,595.64,401.31,294.74
199811,399.02,302.47,182.26,191.16,407.56,177.78,358.61,594.04,400.00,294.74
199812,399.67,301.41,182.26,191.37,408.44,177.09,359.02,592.43,399.56,294.39
199901,399.51,302.12,182.65,190.95,406.22,176.24,360.66,591.97,399.56,295.09
199902,399.35,302.47,183.24,191.37,406.67,175.56,361.07,591.51,399.56,295.44
199903,399.19,303.89,183.43,191.37,408.89,175.73,363.52,591.06,401.31,296.49
199904,399.67,305.65,183.82,192.21,410.67,176.58,364.75,591.51,402.18,298.60
199905,400.16,306.36,183.43,192.21,412.00,176.58,363.93,591.97,403.06,298.60
199906,400.65,306.71,183.63,192.42,411.56,176.07,364.34,592.43,403.49,298.60
199907,401.95,307.42,183.63,193.26,408.89,175.38,363.52,593.12,401.75,299.65
199908,403.26,308.13,184.60,193.05,410.22,175.90,362.30,593.81,401.75,300.35
199909,404.56,309.19,184.80,192.63,412.00,176.41,365.57,594.50,404.37,301.75
199910,405.21,309.54,184.80,192.42,411.56,176.75,367.21,594.95,404.80,302.11
199911,405.86,309.19,184.60,192.84,412.00,175.73,368.85,595.41,403.93,302.46
199912,406.51,309.54,185.38,193.47,413.33,175.21,368.85,595.87,404.80,302.46
200001,407.82,308.83,185.58,193.89,409.33,175.04,370.90,597.25,401.31,303.16
200002,409.12,310.95,186.16,194.32,410.67,174.36,372.54,598.62,403.49,304.91
200003,410.42,313.07,186.16,194.32,411.56,174.70,372.95,600.00,405.24,307.72
200004,411.56,312.01,186.35,194.32,412.89,175.21,374.18,601.38,404.80,307.72
200005,412.70,313.43,186.16,194.11,414.22,175.38,374.18,602.75,406.99,308.07
200006,413.84,315.55,186.94,194.95,414.67,175.04,376.64,604.13,406.99,309.82
200007,418.89,316.61,187.13,195.79,412.44,174.36,375.41,606.88,404.80,310.53
200008,423.94,316.25,186.55,195.37,412.44,175.04,375.00,609.63,405.24,310.53
200009,428.99,317.31,187.52,195.79,416.00,174.70,378.28,612.39,407.86,311.93
200010,429.48,318.02,187.33,195.58,415.56,174.70,378.69,614.68,408.73,312.63
200011,429.97,319.08,188.30,195.79,416.44,174.19,380.33,616.97,409.17,312.63
200012,430.46,319.43,188.11,197.47,416.44,174.36,379.92,619.27,408.73,312.63
200101,431.92,318.02,187.91,196.63,412.89,174.36,383.20,618.81,407.42,314.74
200102,433.39,319.79,187.72,197.89,413.78,173.85,386.07,618.35,409.17,315.79
200103,434.85,320.85,187.91,197.89,415.11,173.50,386.89,617.89,412.23,316.49
200104,436.16,322.97,188.50,198.74,417.78,173.85,388.52,619.72,415.72,317.89
200105,437.46,325.80,189.47,199.37,420.89,174.02,390.57,621.56,418.34,319.30
200106,438.76,326.15,189.86,199.79,421.78,173.50,390.57,623.39,417.90,319.65
200107,439.09,325.09,189.67,200.00,418.67,172.99,385.25,624.54,415.72,318.95
200108,439.41,325.09,188.50,199.58,420.00,173.68,385.25,625.69,416.59,318.95
200109,439.74,325.80,188.89,199.58,421.33,173.33,387.30,626.83,420.09,320.35
200110,441.04,324.03,188.50,199.16,420.89,173.33,386.89,628.21,419.21,319.30
200111,442.35,321.20,188.69,198.74,420.00,172.48,387.30,629.59,419.21,318.60
200112,443.65,321.55,188.69,200.63,420.89,172.31,387.70,630.96,419.65,317.54
200201,444.95,322.26,188.89,200.84,419.56,171.97,388.11,632.11,418.78,318.25
200202,446.25,324.38,188.89,201.47,420.00,171.11,389.34,633.26,419.65,319.30
200203,447.56,326.86,188.89,201.89,421.78,171.45,390.57,634.40,423.14,321.40
200204,448.70,328.62,190.64,201.68,423.56,171.97,390.57,636.47,424.89,323.16
200205,449.84,329.33,190.84,201.89,424.44,172.48,391.80,638.53,426.20,323.16
200206,450.98,330.04,190.45,201.89,424.44,172.31,392.21,640.60,425.33,323.16
200207,451.95,331.80,189.47,202.32,423.11,171.62,391.39,641.51,424.02,323.51
200208,452.93,333.22,189.47,201.89,424.44,172.14,390.57,642.43,424.45,324.56
200209,453.91,333.22,189.67,201.89,425.33,172.14,392.62,643.35,427.51,325.26
200210,455.05,334.28,190.84,201.68,426.22,171.79,393.85,644.72,428.82,325.61
200211,456.19,335.34,190.45,201.05,426.22,171.79,395.49,646.10,427.95,325.61
200212,457.33,333.92,190.45,202.95,428.00,171.79,398.77,647.48,428.38,324.91
200301,459.28,336.75,190.45,202.95,425.33,171.28,407.79,648.39,429.69,326.32
200302,461.24,339.58,190.64,204.00,426.67,170.77,408.20,649.31,433.62,329.12
200303,463.19,340.64,191.42,204.21,428.00,171.28,405.33,650.23,435.81,330.88
200304,463.19,338.16,191.81,203.58,429.78,171.79,402.05,650.23,434.06,330.18
200305,463.19,338.52,191.62,203.16,429.78,172.14,400.00,650.23,433.62,329.82
200306,463.19,338.52,191.62,203.79,428.89,171.62,398.77,650.23,432.31,330.18
200307,464.01,338.87,190.06,204.21,428.89,171.28,397.54,651.15,431.00,330.53
200308,464.82,339.93,190.45,204.21,430.22,171.62,398.77,652.06,431.00,331.58
200309,465.64,340.64,190.84,204.00,431.56,171.79,400.82,652.98,434.06,332.63
200310,466.45,339.58,191.62,204.00,432.00,171.79,400.41,654.59,434.50,332.28
200311,467.26,340.64,191.42,203.58,432.00,170.94,401.23,656.19,433.62,331.58
200312,468.08,340.99,191.42,205.05,433.33,171.11,401.23,657.80,433.62,331.23
200401,469.54,341.34,190.84,205.26,431.11,170.77,400.41,658.72,432.75,332.63
200402,471.01,342.05,190.84,205.68,432.00,170.77,401.23,659.63,431.88,334.39
200403,472.48,343.11,191.23,206.32,432.89,171.11,402.87,660.55,434.93,336.84
200404,473.13,343.82,192.98,206.95,434.67,171.11,403.69,662.16,435.37,337.89
200405,473.78,347.00,193.37,207.37,436.00,171.28,404.10,663.76,436.24,339.65
200406,474.43,347.00,193.76,207.37,436.00,171.62,404.10,665.37,434.50,340.70
200407,475.08,347.00,191.62,207.79,434.67,171.11,403.69,666.74,433.62,340.35
200408,475.73,346.29,192.40,208.21,436.00,171.28,402.46,668.12,433.19,340.35
200409,476.38,347.00,192.40,207.58,436.44,171.79,404.92,669.50,436.24,341.05
200410,477.69,347.35,194.15,208.00,437.33,172.65,406.15,671.56,437.55,343.16
200411,478.99,348.76,194.35,207.37,438.22,172.31,406.15,673.62,434.93,343.16
200412,480.29,348.06,194.15,209.68,440.44,171.45,405.33,675.69,434.93,341.75
200501,481.27,347.70,193.18,208.21,438.22,171.11,404.51,676.61,432.75,342.46
200502,482.25,349.12,193.57,209.05,439.11,170.60,404.92,677.52,434.93,344.56
200503,483.22,351.24,194.15,210.11,441.33,171.11,406.97,678.44,435.81,347.37
200504,484.20,351.94,195.71,209.47,443.11,171.28,409.02,680.50,436.24,349.47
200505,485.18,352.30,195.52,209.89,444.44,171.45,410.25,682.57,436.68,349.12
200506,486.16,353.00,194.93,210.11,444.44,170.77,410.66,684.63,436.68,349.47
200507,487.79,353.71,193.96,211.16,444.89,170.60,409.43,687.16,434.93,351.23
200508,489.41,355.12,194.15,211.37,446.22,170.77,409.84,689.68,435.81,352.98
200509,491.04,357.95,195.13,211.58,447.11,171.28,413.11,692.20,438.86,357.19
200510,491.86,356.54,196.69,211.79,447.56,171.28,413.11,693.81,439.74,357.89
200511,492.67,355.83,196.30,210.95,447.56,170.60,413.11,695.41,438.86,355.09
200512,493.49,355.48,196.10,212.63,448.89,170.77,412.70,697.02,438.86,353.68
200601,494.95,357.24,195.71,212.00,446.67,170.94,411.89,698.39,435.37,356.14
200602,496.42,356.89,196.30,212.84,448.44,170.43,415.16,699.77,437.55,356.84
200603,497.88,358.66,196.10,212.84,449.33,170.77,416.39,701.15,440.61,358.95
200604,500.49,360.78,197.66,213.68,452.00,171.11,420.08,704.59,442.79,362.11
200605,503.09,362.19,198.05,213.68,454.22,171.62,420.08,708.03,443.67,363.86
200606,505.70,361.84,198.05,214.11,455.56,171.62,419.26,711.47,443.23,364.56
200607,507.17,362.19,196.69,214.95,455.56,171.11,418.03,713.30,442.36,365.61
200608,508.63,362.54,197.08,214.53,457.33,172.31,417.62,715.14,442.79,366.32
200609,510.10,360.78,196.69,213.68,457.78,172.31,423.77,716.97,445.41,364.56
200610,509.93,360.07,197.27,214.11,458.67,171.97,424.18,716.51,445.41,362.46
200611,509.77,360.78,197.27,214.11,459.56,171.11,423.77,716.06,445.85,362.11
200612,509.61,361.48,197.27,215.58,462.22,171.28,422.13,715.60,445.85,362.46
200701,509.77,361.48,195.91,215.58,458.67,170.94,416.80,716.74,443.67,363.51
200702,509.93,363.96,196.30,216.63,460.89,170.09,418.44,717.89,446.29,365.61
200703,510.10,367.14,196.30,217.05,463.11,170.60,420.90,719.04,448.91,369.12
200704,512.21,368.55,198.64,218.11,464.44,171.11,420.90,721.33,451.09,371.23
200705,514.33,370.32,199.03,218.11,465.78,171.62,421.31,723.62,450.66,373.68
200706,516.45,369.61,199.22,218.11,466.67,171.28,420.90,725.92,451.53,374.39
200707,517.59,369.96,198.05,219.37,464.00,171.11,420.08,727.06,450.66,374.39
200708,518.73,368.90,197.86,219.16,465.33,171.97,419.67,728.21,450.66,373.68
200709,519.87,369.61,198.05,219.37,465.78,171.97,422.54,729.36,455.02,374.74
200710,521.50,368.55,199.81,220.00,468.00,172.48,423.36,732.34,457.64,375.44
200711,523.13,369.61,200.78,221.05,469.33,172.14,430.33,735.32,460.70,377.54
200712,524.76,369.96,201.17,222.32,472.00,172.48,434.02,738.30,461.57,377.19
200801,527.04,369.26,200.58,221.68,468.89,172.14,431.97,739.91,458.08,379.30
200802,529.32,370.67,200.97,222.74,472.44,171.79,434.02,741.51,459.83,380.35
200803,531.60,372.08,201.56,223.79,474.22,172.65,434.43,743.12,464.19,383.51
200804,534.20,374.91,203.12,223.37,478.22,172.48,434.02,747.25,466.38,385.96
200805,536.81,378.45,204.68,224.63,481.33,173.85,434.43,751.38,468.12,389.12
200806,539.41,381.27,205.07,225.26,484.44,174.70,435.25,755.50,470.31,392.98
200807,541.53,382.33,204.29,226.53,484.44,175.04,438.11,759.17,469.43,395.09
200808,543.65,381.98,203.70,225.89,487.56,175.56,438.52,762.84,470.31,393.68
200809,545.77,382.33,203.90,225.68,490.22,175.56,445.08,766.51,475.11,392.98
200810,545.28,378.09,205.07,225.26,488.89,175.38,446.72,765.37,475.98,389.12
200811,544.79,377.03,203.70,224.21,488.44,173.85,444.26,764.22,472.05,381.75
200812,544.30,374.20,202.53,224.84,486.67,173.16,443.03,763.07,465.50,377.54
200901,544.46,373.14,200.97,223.79,483.11,172.14,441.80,763.76,463.76,379.30
200902,544.63,375.97,201.36,225.05,487.11,171.62,445.08,764.45,464.19,381.40
200903,544.79,376.68,200.78,224.84,488.00,172.14,445.49,765.14,465.50,382.11
200904,545.60,376.33,202.53,224.84,489.33,172.31,446.72,766.51,465.94,383.16
200905,546.42,378.80,202.73,224.63,492.00,171.97,447.54,767.89,466.38,384.21
200906,547.23,380.21,203.12,225.47,493.33,171.62,450.41,769.27,467.25,387.37
200907,549.02,378.80,201.75,225.47,492.89,171.11,447.54,772.71,465.50,387.02
200908,550.81,378.80,201.95,225.89,495.11,171.62,446.72,776.15,466.38,387.72
200909,552.61,378.80,201.95,225.05,495.56,171.62,450.41,779.59,467.69,388.07
200910,553.58,378.45,203.31,225.26,496.44,170.94,449.59,779.13,469.00,388.42
200911,554.56,380.57,203.70,225.05,497.78,170.60,450.82,778.67,469.00,388.77
200912,555.54,379.15,203.12,226.95,500.44,170.26,452.05,778.21,469.87,388.07
201001,557.17,380.21,202.92,225.47,499.56,169.91,452.87,779.13,466.81,389.47
201002,558.79,381.98,203.31,226.32,501.78,169.74,458.61,780.05,469.87,389.47
201003,560.42,381.98,203.51,227.37,504.44,170.26,460.66,780.96,470.74,390.88
201004,561.73,383.04,205.26,227.16,507.56,170.26,461.48,783.03,470.74,391.58
201005,563.03,384.03,205.07,227.37,508.44,170.43,459.02,785.09,471.62,391.88
201006,,,,,,,,,,
