Date,AUD,CAD,CHF,EUR,GBP,JPY,NOK,NZD,SEK
197601,1.2563,0.998901,0.384305,0.755526,2.0295,0.00329305,0.180200,1.0418,0.228399
197602,1.2580,1.015435,0.389302,0.761408,2.0252,0.00331005,0.180401,1.0425,0.227998
197603,1.2461,1.015950,0.393902,0.770194,1.9159,0.00333801,0.180799,1.0180,0.226901
197604,1.2365,1.021555,0.397504,0.771196,1.8400,0.00334403,0.182502,0.9995,0.227899
197605,1.2270,1.020408,0.406405,0.754360,1.7595,0.00333300,0.180300,0.9825,0.225002
197606,1.2331,1.032205,0.405104,0.759457,1.7850,0.00335604,0.179801,0.9874,0.224800
197607,1.2405,1.025431,0.402901,0.769224,1.7850,0.00340994,0.180600,0.9970,0.224901
197608,1.2437,1.018849,0.403502,0.773728,1.7775,0.00345602,0.181600,0.9969,0.226799
197609,1.2348,1.027538,0.408998,0.803249,1.6600,0.00348602,0.187899,0.9709,0.234902
197610,1.2280,1.028595,0.410998,0.814997,1.5880,0.00339697,0.189301,0.9500,0.237400
197611,1.0099,0.965810,0.408998,0.813235,1.6510,0.00336598,0.190701,0.9013,0.238498
197612,1.0890,0.990688,0.408597,0.828671,1.7010,0.00341204,0.193600,0.9450,0.242501
197701,1.0868,0.980392,0.398995,0.812458,1.7150,0.00346705,0.187698,0.9510,0.235200
197702,1.0960,0.955566,0.391405,0.818716,1.7130,0.00353594,0.189901,0.9550,0.237197
197703,1.1028,0.945984,0.393097,0.818134,1.7200,0.00360295,0.190902,0.9600,0.237999
197704,1.1030,0.954563,0.397298,0.830854,1.7192,0.00359997,0.189401,0.9595,0.230601
197705,1.1030,0.951203,0.399249,0.829093,1.7191,0.00360646,0.189998,0.9600,0.227801
197706,1.1150,0.943485,0.405400,0.835432,1.7197,0.00373706,0.188200,0.9665,0.227102
197707,1.1218,0.935541,0.415007,0.853925,1.7365,0.00374799,0.189000,0.9740,0.228399
197708,1.1040,0.930406,0.417606,0.843758,1.7428,0.00373832,0.182999,0.9680,0.206152
197709,1.1090,0.931359,0.426003,0.847156,1.7476,0.00379204,0.181798,0.9700,0.207198
197710,1.1275,0.902283,0.447848,0.868794,1.8395,0.00401397,0.183251,0.9950,0.209000
197711,1.1260,0.902690,0.462706,0.880132,1.8170,0.00409802,0.185099,0.9945,0.208000
197712,1.1380,0.913576,0.501706,0.932324,1.9170,0.00416701,0.195000,1.0160,0.214000
197801,1.1380,0.902690,0.502993,0.926100,1.9475,0.00413907,0.194901,1.0230,0.215202
197802,1.1365,0.896861,0.549300,0.970106,1.9410,0.00419992,0.189599,1.0220,0.217998
197803,1.1416,0.883236,0.546001,0.978698,1.8620,0.00434991,0.189000,1.0200,0.218900
197804,1.1322,0.884017,0.514297,0.943114,1.8230,0.00444504,0.185099,1.0150,0.216399
197805,1.1306,0.890393,0.528989,0.935491,1.8335,0.00451794,0.184199,1.0110,0.216001
197806,1.1475,0.889126,0.540190,0.943888,1.8610,0.00490894,0.185099,1.0300,0.218651
197807,1.1574,0.883783,0.576004,0.959728,1.9310,0.00528709,0.187101,1.0515,0.221798
197808,1.1500,0.868583,0.609496,0.983571,1.9430,0.00524907,0.190949,1.0500,0.225398
197809,1.1550,0.844880,0.645161,1.008888,1.9750,0.00528569,0.194515,1.0605,0.226680
197810,1.1810,0.856825,0.666667,1.115068,2.0760,0.00557103,0.210970,1.0985,0.240964
197811,1.1345,0.853388,0.576369,1.014382,1.9440,0.00502260,0.195389,1.0460,0.224997
197812,1.1500,0.842673,0.617284,1.074632,2.0415,0.00514668,0.199800,1.0640,0.233318
197901,1.1336,0.833056,0.588235,1.044223,1.9896,0.00494560,0.194401,1.0530,0.227273
197902,1.1280,0.837731,0.597372,1.055950,2.0234,0.00493462,0.196812,1.0552,0.229410
197903,1.1183,0.861623,0.589971,1.047299,2.0625,0.00477145,0.195848,1.0550,0.228938
197904,1.1025,0.875503,0.580889,1.029981,2.0680,0.00450857,0.193461,1.0440,0.227324
197905,1.1060,0.861475,0.579710,1.024531,2.0700,0.00453823,0.192864,1.0425,0.227894
197906,1.1195,0.856164,0.604595,1.064687,2.1810,0.00459137,0.196734,1.0087,0.234192
197907,1.1290,0.854920,0.602773,1.066719,2.2475,0.00461467,0.198138,1.0150,0.237192
197908,1.1274,0.857412,0.603792,1.071805,2.2527,0.00453721,0.198689,1.0115,0.237135
197909,1.1285,0.861623,0.643501,1.123072,2.2030,0.00445434,0.205128,1.0035,0.242248
197910,1.0972,0.844238,0.602228,1.084163,2.0745,0.00420433,0.199481,0.9660,0.235045
197911,1.0942,0.854263,0.625782,1.130538,2.1990,0.00400721,0.200924,0.9765,0.239234
197912,1.1057,0.855871,0.626959,1.133158,2.2185,0.00416146,0.202963,0.9830,0.240790
198001,1.1067,0.863185,0.610501,1.121591,2.2667,0.00417833,0.205339,0.9835,0.239981
198002,1.0970,0.873362,0.587372,1.100636,2.2730,0.00397377,0.203604,0.9700,0.237361
198003,1.0818,0.839278,0.540103,1.002219,2.1600,0.00400080,0.192976,0.9405,0.223214
198004,1.1150,0.841680,0.599700,1.086572,2.2585,0.00417798,0.202675,0.9665,0.237643
198005,1.1428,0.862962,0.601685,1.099708,2.3425,0.00448430,0.205592,0.9830,0.238663
198006,1.1550,0.868659,0.613572,1.108684,2.3555,0.00454752,0.206441,0.9870,0.240385
198007,1.1515,0.860659,0.606796,1.098472,2.3425,0.00439754,0.204708,0.9748,0.239866
198008,1.1648,0.863856,0.606428,1.091423,2.3960,0.00456413,0.206441,0.9809,0.239636
198009,1.1710,0.854336,0.604778,1.078960,2.3870,0.00474271,0.205444,0.9805,0.240327
198010,1.1720,0.850847,0.583090,1.026251,2.4365,0.00473821,0.201532,0.9755,0.235183
198011,1.1640,0.840407,0.575209,1.015014,2.3575,0.00461681,0.198314,0.9575,0.231027
198012,1.1814,0.837170,0.559441,0.991046,2.3890,0.00492368,0.192957,0.9618,0.228180
198101,1.1784,0.837311,0.517598,0.917369,2.3655,0.00483793,0.182399,0.9488,0.217391
198102,1.1550,0.832432,0.509684,0.917799,2.2040,0.00476872,0.183083,0.9200,0.215517
198103,1.1669,0.842247,0.518672,0.926714,2.2325,0.00473373,0.185529,0.9155,0.216920
198104,1.1492,0.835981,0.494805,0.884791,2.1395,0.00463435,0.180473,0.8970,0.210526
198105,1.1387,0.830772,0.481742,0.839412,2.0700,0.00446628,0.174095,0.8709,0.202020
198106,1.1478,0.832917,0.487924,0.816972,1.9300,0.00440820,0.166279,0.8500,0.196541
198107,1.1352,0.810438,0.465441,0.791514,1.8400,0.00415973,0.162933,0.8275,0.191278
198108,1.1495,0.831947,0.466853,0.799113,1.8450,0.00433839,0.164528,0.8285,0.191681
198109,1.1428,0.828569,0.506329,0.841217,1.8030,0.00430478,0.168634,0.8200,0.178412
198110,1.1370,0.831255,0.544959,0.871776,1.8620,0.00429553,0.168279,0.8210,0.179727
198111,1.1518,0.849907,0.564175,0.883472,1.9550,0.00466853,0.175131,0.8365,0.183908
198112,1.1280,0.842957,0.559284,0.873919,1.9150,0.00454959,0.173461,0.8230,0.182149
198201,1.0930,0.835631,0.541712,0.844304,1.8790,0.00438020,0.169563,0.8050,0.175901
198202,1.0735,0.813670,0.526593,0.819024,1.8200,0.00421496,0.166016,0.7850,0.172488
198203,1.0494,0.812678,0.515863,0.809030,1.7810,0.00402820,0.163773,0.7650,0.168435
198204,1.0614,0.819874,0.510986,0.839052,1.7945,0.00423998,0.167434,0.7720,0.172563
198205,1.0503,0.803859,0.500626,0.833154,1.7910,0.00411015,0.166016,0.7615,0.170940
198206,1.0221,0.773455,0.476304,0.795214,1.7355,0.00392157,0.159617,0.7425,0.163399
198207,0.9890,0.796432,0.476190,0.793118,1.7380,0.00387447,0.154560,0.7300,0.163666
198208,0.9642,0.806972,0.470146,0.783272,1.7205,0.00382995,0.148810,0.7273,0.162668
198209,0.9495,0.808865,0.460617,0.773361,1.6945,0.00372717,0.143472,0.7170,0.159236
198210,0.9358,0.815594,0.453001,0.763996,1.6770,0.00360881,0.138026,0.7080,0.134120
198211,0.9579,0.808211,0.472255,0.793440,1.6320,0.00401284,0.142349,0.7190,0.135538
198212,0.9800,0.813206,0.498132,0.822468,1.6180,0.00426076,0.141643,0.7325,0.136799
198301,0.9677,0.808604,0.496278,0.793440,1.5202,0.00416927,0.139082,0.7210,0.133245
198302,0.9545,0.813670,0.484848,0.803546,1.5115,0.00420433,0.139519,0.7155,0.133645
198303,0.8642,0.810307,0.479501,0.804537,1.4825,0.00418410,0.138504,0.6525,0.132450
198304,0.8671,0.815528,0.482393,0.792958,1.5573,0.00419639,0.140489,0.6592,0.133245
198305,0.8811,0.813008,0.477099,0.774740,1.6005,0.00418673,0.139762,0.6628,0.132582
198306,0.8753,0.814598,0.475624,0.769709,1.5330,0.00417920,0.137061,0.6555,0.131062
198307,0.8801,0.810373,0.468494,0.738467,1.5200,0.00413650,0.135410,0.6530,0.128982
198308,0.8782,0.810373,0.457247,0.725187,1.4940,0.00405762,0.133422,0.6485,0.126183
198309,0.8971,0.811030,0.471698,0.743238,1.4977,0.00424358,0.136277,0.6580,0.128041
198310,0.9135,0.811293,0.466636,0.743238,1.4952,0.00427259,0.135391,0.6615,0.127787
198311,0.9147,0.806972,0.462642,0.724650,1.4630,0.00430108,0.133378,0.6580,0.125628
198312,0.8965,0.803536,0.458926,0.717736,1.4515,0.00431593,0.129702,0.6545,0.124844
198401,0.9172,0.800448,0.443853,0.694419,1.4012,0.00426130,0.126871,0.6493,0.122130
198402,0.9435,0.798786,0.461255,0.752734,1.4905,0.00428394,0.133289,0.6662,0.128700
198403,0.9362,0.783331,0.464576,0.753982,1.4375,0.00444939,0.133156,0.6638,0.129534
198404,0.9190,0.778513,0.445137,0.718659,1.3980,0.00440529,0.129316,0.6540,0.125235
198405,0.8990,0.772439,0.442478,0.715949,1.3855,0.00431816,0.128345,0.6471,0.123732
198406,0.8615,0.757633,0.429000,0.703157,1.3575,0.00421408,0.125219,0.6340,0.122257
198407,0.8265,0.762486,0.404449,0.672962,1.3073,0.00407664,0.119617,0.4945,0.118624
198408,0.8488,0.770772,0.415024,0.676875,1.3075,0.00413394,0.120627,0.4995,0.120192
198409,0.8290,0.758553,0.394789,0.636663,1.2340,0.00405022,0.112867,0.4870,0.115115
198410,0.8502,0.760456,0.400962,0.645382,1.2185,0.00407000,0.113482,0.4881,0.115460
198411,0.8572,0.755173,0.391389,0.628884,1.1970,0.00404040,0.111439,0.4870,0.113122
198412,0.8250,0.756601,0.384468,0.619914,1.1580,0.00397456,0.110011,0.4755,0.111297
198501,0.8138,0.753466,0.373832,0.618347,1.1305,0.00392465,0.109170,0.4700,0.110619
198502,0.7100,0.722804,0.350018,0.584877,1.0790,0.00385431,0.104167,0.4445,0.105485
198503,0.7000,0.731261,0.384615,0.634392,1.2360,0.00398406,0.112486,0.4630,0.112108
198504,0.6445,0.731529,0.384615,0.631320,1.2410,0.00397614,0.111763,0.4540,0.110957
198505,0.6632,0.727537,0.388350,0.639369,1.2860,0.00398089,0.113379,0.4507,0.112740
198506,0.6685,0.735727,0.393546,0.645702,1.3095,0.00402576,0.112682,0.4840,0.114384
198507,0.7226,0.738552,0.435920,0.698635,1.4110,0.00422922,0.121877,0.5263,0.120700
198508,0.7015,0.732118,0.432900,0.695777,1.3910,0.00418410,0.121139,0.5425,0.120120
198509,0.7020,0.729395,0.455581,0.730060,1.4085,0.00461894,0.125392,0.5475,0.124224
198510,0.6990,0.731636,0.464900,0.746785,1.4405,0.00472701,0.127024,0.5760,0.126968
198511,0.6859,0.722543,0.480538,0.778440,1.4890,0.00494805,0.131683,0.5730,0.130967
198512,0.6818,0.715052,0.485437,0.799277,1.4450,0.00499376,0.131926,0.5005,0.132013
198601,0.7138,0.702593,0.491159,0.819024,1.4120,0.00520021,0.134093,0.5355,0.132758
198602,0.6993,0.702741,0.529661,0.876739,1.4460,0.00553863,0.142197,0.5230,0.138879
198603,0.7116,0.715820,0.511247,0.834043,1.4735,0.00563063,0.136986,0.5352,0.135685
198604,0.7407,0.727908,0.551572,0.903386,1.5510,0.00596659,0.143730,0.5843,0.142714
198605,0.7148,0.724795,0.517197,0.841217,1.4723,0.00573066,0.127551,0.5630,0.135309
198606,0.6735,0.720981,0.556638,0.888610,1.5320,0.00610501,0.133200,0.5490,0.140292
198607,0.5959,0.724900,0.595948,0.934239,1.4915,0.00649984,0.134789,0.5205,0.143349
198608,0.6090,0.720409,0.609385,0.960860,1.4880,0.00647040,0.136986,0.4865,0.145138
198609,0.6279,0.720046,0.607165,0.964794,1.4468,0.00647878,0.135870,0.4882,0.144718
198610,0.6408,0.719166,0.584454,0.948971,1.4055,0.00611995,0.132996,0.5070,0.142086
198611,0.6504,0.722543,0.608643,0.991298,1.4335,0.00617093,0.133138,0.5108,0.145402
198612,0.6653,0.724113,0.619579,1.016808,1.4825,0.00631712,0.135593,0.5305,0.148346
198701,0.6618,0.746826,0.646831,1.067010,1.5140,0.00650830,0.141844,0.5410,0.152847
198702,0.6770,0.750075,0.649984,1.070222,1.5460,0.00652443,0.142857,0.5605,0.154440
198703,0.7045,0.766107,0.664231,1.085366,1.6070,0.00686436,0.146735,0.5697,0.158103
198704,0.7020,0.747887,0.677048,1.087478,1.6605,0.00710884,0.148754,0.5780,0.159134
198705,0.7122,0.746938,0.661157,1.072275,1.6295,0.00693963,0.147885,0.5750,0.157183
198706,0.7209,0.751033,0.659848,1.070983,1.6128,0.00681199,0.149120,0.5923,0.156593
198707,0.6982,0.753012,0.649984,1.052087,1.5910,0.00667111,0.146854,0.5697,0.154107
198708,0.7145,0.757805,0.669568,1.080092,1.6328,0.00705467,0.150105,0.6070,0.156838
198709,0.7088,0.763650,0.652061,1.061336,1.6248,0.00682594,0.148588,0.6468,0.154847
198710,0.6700,0.759763,0.699790,1.131650,1.7215,0.00722543,0.152207,0.5930,0.161290
198711,0.7050,0.764468,0.743218,1.192216,1.8256,0.00755173,0.156250,0.6475,0.167757
198712,0.7220,0.769112,0.786473,1.245117,1.8860,0.00824742,0.160772,0.6602,0.172563
198801,0.7080,0.783699,0.731368,1.165225,1.7691,0.00782779,0.156678,0.6595,0.165782
198802,0.7186,0.793273,0.718133,1.158461,1.7735,0.00778513,0.157344,0.6645,0.166889
198803,0.7412,0.810241,0.733945,1.181199,1.8865,0.00805802,0.160385,0.6540,0.170329
198804,0.7576,0.813537,0.717618,1.167939,1.8785,0.00800512,0.161943,0.6727,0.170213
198805,0.8021,0.810438,0.692617,1.131191,1.8382,0.00799297,0.159617,0.6930,0.166875
198806,0.7945,0.824402,0.664011,1.076406,1.7085,0.00748895,0.150602,0.6730,0.159109
198807,0.8025,0.825968,0.640205,1.043109,1.7100,0.00751597,0.147275,0.6630,0.155788
198808,0.8038,0.806452,0.630915,1.041055,1.6825,0.00732493,0.144259,0.6135,0.154012
198809,0.7830,0.821490,0.631512,1.044223,1.6910,0.00746826,0.144550,0.6122,0.155642
198810,0.8200,0.819874,0.666001,1.097548,1.7690,0.00796813,0.150376,0.6260,0.161421
198811,0.8750,0.841893,0.687994,1.126630,1.8493,0.00820345,0.154059,0.6550,0.165522
198812,0.8535,0.838364,0.665779,1.102808,1.8085,0.00799680,0.152323,0.6290,0.163106
198901,0.8874,0.844951,0.625117,1.041166,1.7500,0.00766284,0.147831,0.6015,0.157233
198902,0.7988,0.834028,0.643128,1.072863,1.7440,0.00788208,0.149054,0.6223,0.159058
198903,0.8190,0.837802,0.601504,1.031284,1.6852,0.00753182,0.145138,0.6141,0.155207
198904,0.7940,0.842815,0.597550,1.040224,1.6890,0.00752729,0.146391,0.6152,0.156544
198905,0.7522,0.829050,0.586166,0.989793,1.5715,0.00702593,0.139782,0.5845,0.150060
198906,0.7557,0.834376,0.595593,1.000680,1.5490,0.00694444,0.140105,0.5733,0.150218
198907,0.7563,0.846812,0.622471,1.048253,1.6660,0.00730194,0.145879,0.5855,0.156642
198908,0.7647,0.850123,0.592417,0.998790,1.5730,0.00691563,0.140040,0.5940,0.151035
198909,0.7748,0.848248,0.616219,1.044502,1.6145,0.00716332,0.144561,0.5895,0.155497
198910,0.7826,0.851716,0.619387,1.062201,1.5775,0.00700624,0.144781,0.5881,0.155763
198911,0.7825,0.859623,0.628338,1.098781,1.5695,0.00699741,0.146908,0.5895,0.156740
198912,0.7893,0.863558,0.648929,1.157638,1.6145,0.00695410,0.151469,0.5937,0.161121
199001,0.7685,0.843313,0.664894,1.158667,1.6794,0.00691802,0.153539,0.6020,0.162338
199002,0.7601,0.838715,0.670466,1.152862,1.6892,0.00671953,0.153163,0.5880,0.163225
199003,0.7548,0.854336,0.667780,1.158461,1.6480,0.00633633,0.152777,0.5790,0.163559
199004,0.7500,0.858074,0.689417,1.164878,1.6389,0.00629525,0.153139,0.5748,0.163988
199005,0.7678,0.851426,0.697837,1.151165,1.6765,0.00655136,0.153610,0.5768,0.163052
199006,0.7916,0.857265,0.706464,1.174109,1.7450,0.00656383,0.156031,0.5883,0.165631
199007,0.7938,0.867303,0.742005,1.232019,1.8600,0.00684322,0.162694,0.5918,0.172028
199008,0.8160,0.866176,0.764234,1.241009,1.8920,0.00694782,0.164204,0.6153,0.172741
199009,0.8254,0.864678,0.769527,1.248535,1.8735,0.00723223,0.164880,0.6150,0.173521
199010,0.7848,0.856311,0.777001,1.290381,1.9440,0.00769527,0.169664,0.6145,0.177274
199011,0.7740,0.857780,0.783392,1.303887,1.9392,0.00751315,0.171057,0.6090,0.177983
199012,0.7720,0.861698,0.783085,1.306500,1.9285,0.00736648,0.170372,0.5865,0.177510
199101,0.7826,0.859919,0.794913,1.322847,1.9650,0.00760746,0.172861,0.5987,0.180734
199102,0.7853,0.869641,0.753864,1.281671,1.9100,0.00752162,0.167532,0.5995,0.176367
199103,0.7730,0.862441,0.692042,1.152183,1.7485,0.00711238,0.151458,0.5865,0.163132
199104,0.7814,0.868056,0.690131,1.138103,1.7225,0.00733245,0.149254,0.5877,0.162655
199105,0.7594,0.873134,0.674673,1.124234,1.6980,0.00722282,0.147569,0.5810,0.160321
199106,0.7670,0.875350,0.641766,1.078305,1.6180,0.00725163,0.142827,0.5754,0.154048
199107,0.7780,0.868131,0.655308,1.119857,1.6845,0.00727696,0.146606,0.5708,0.157828
199108,0.7852,0.875503,0.654236,1.118576,1.6800,0.00730727,0.146413,0.5744,0.157629
199109,0.7995,0.883548,0.690131,1.176439,1.7520,0.00752729,0.153704,0.5667,0.164785
199110,0.7791,0.890472,0.682594,1.172560,1.7425,0.00765697,0.153046,0.5566,0.164541
199111,0.7844,0.881057,0.696379,1.202108,1.7655,0.00768758,0.156495,0.5610,0.167884
199112,0.7593,0.865202,0.734484,1.286730,1.8660,0.00800641,0.167084,0.5403,0.180018
199201,0.7521,0.850919,0.699790,1.216691,1.7890,0.00796495,0.158629,0.5402,0.171292
199202,0.7538,0.846024,0.673627,1.194546,1.7560,0.00774293,0.155800,0.5466,0.168421
199203,0.7700,0.840195,0.665779,1.187871,1.7363,0.00752332,0.154703,0.5463,0.167336
199204,0.7565,0.836120,0.659196,1.183558,1.7750,0.00750188,0.154907,0.5372,0.167616
199205,0.7568,0.830013,0.686719,1.217448,1.8290,0.00782779,0.159808,0.5352,0.172786
199206,0.7477,0.835282,0.727431,1.283353,1.9035,0.00794470,0.167532,0.5442,0.181670
199207,0.7443,0.844238,0.757863,1.320882,1.9200,0.00785238,0.171836,0.5453,0.186029
199208,0.7156,0.836680,0.802246,1.395228,1.9893,0.00813339,0.180148,0.5392,0.195084
199209,0.7139,0.801282,0.808277,1.382505,1.7790,0.00833333,0.174171,0.5372,0.188537
199210,0.6952,0.806127,0.726216,1.267550,1.5625,0.00811030,0.159134,0.5250,0.172206
199211,0.6822,0.777545,0.695652,1.227380,1.5135,0.00803729,0.154024,0.5109,0.146135
199212,0.6890,0.786535,0.682128,1.207526,1.5130,0.00800961,0.143926,0.5135,0.141263
199301,0.6793,0.787402,0.672043,1.214047,1.4855,0.00800192,0.146145,0.5162,0.136986
199302,0.6955,0.800128,0.655308,1.190909,1.4215,0.00846740,0.142908,0.5233,0.128000
199303,0.7044,0.795355,0.670466,1.214424,1.5090,0.00870322,0.145996,0.5316,0.129408
199304,0.7045,0.787278,0.696864,1.231941,1.5695,0.00898715,0.148699,0.5410,0.136519
199305,0.6862,0.786968,0.704970,1.231631,1.5605,0.00933097,0.148335,0.5420,0.139392
199306,0.6663,0.779849,0.662032,1.146442,1.4930,0.00936330,0.138696,0.5366,0.129282
199307,0.6880,0.778574,0.656599,1.123717,1.4850,0.00951928,0.134003,0.5540,0.121359
199308,0.6710,0.757117,0.675447,1.165572,1.4868,0.00954836,0.137174,0.5520,0.122324
199309,0.6450,0.748503,0.698812,1.196958,1.4960,0.00942951,0.140095,0.5504,0.123762
199310,0.6655,0.756430,0.674309,1.166198,1.4882,0.00922935,0.136444,0.5540,0.122790
199311,0.6584,0.747831,0.666578,1.138766,1.4852,0.00916758,0.133914,0.5455,0.117911
199312,0.6783,0.754432,0.672043,1.124363,1.4775,0.00895255,0.132767,0.5590,0.119904
199401,0.7085,0.753580,0.683667,1.124105,1.5005,0.00919794,0.133878,0.5673,0.126550
199402,0.7120,0.739536,0.701754,1.147922,1.4875,0.00959509,0.135364,0.5750,0.125384
199403,0.7015,0.722648,0.709371,1.172560,1.4880,0.00976563,0.137836,0.5613,0.127828
199404,0.7135,0.723694,0.708717,1.177502,1.5118,0.00979912,0.138927,0.5770,0.130591
199405,0.7385,0.722282,0.712606,1.189099,1.5120,0.00954745,0.140166,0.5945,0.128033
199406,0.7310,0.723327,0.750469,1.233962,1.5483,0.01015125,0.144613,0.5950,0.130565
199407,0.7389,0.722804,0.743771,1.232019,1.5415,0.00999500,0.144436,0.6015,0.128469
199408,0.7444,0.729288,0.751033,1.238259,1.5362,0.00998901,0.144540,0.6018,0.129483
199409,0.7400,0.745712,0.777303,1.261175,1.5770,0.01009591,0.147308,0.6025,0.133485
199410,0.7420,0.739262,0.796813,1.300160,1.6350,0.01031992,0.152870,0.6150,0.139014
199411,0.7689,0.727167,0.754717,1.246943,1.5670,0.01011020,0.146542,0.6278,0.132696
199412,0.7753,0.712758,0.763359,1.262233,1.5665,0.01004016,0.147842,0.6402,0.134599
199501,0.7575,0.709622,0.778513,1.284027,1.5815,0.01005733,0.149701,0.6388,0.133307
199502,0.7380,0.717515,0.810898,1.342644,1.5840,0.01035197,0.155039,0.6335,0.136342
199503,0.7325,0.714643,0.882613,1.418810,1.6190,0.01151410,0.162088,0.6549,0.135227
199504,0.7272,0.735456,0.872981,1.411540,1.6091,0.01189910,0.160475,0.6718,0.137561
199505,0.7190,0.730034,0.856531,1.383190,1.5865,0.01181335,0.159172,0.6647,0.136129
199506,0.7108,0.727908,0.868432,1.413683,1.5905,0.01179523,0.162193,0.6685,0.137174
199507,0.7387,0.730194,0.869187,1.411948,1.5980,0.01131990,0.162893,0.6738,0.141403
199508,0.7517,0.744491,0.829187,1.332400,1.5515,0.01023018,0.155751,0.6502,0.136864
199509,0.7555,0.743771,0.865052,1.368192,1.5795,0.01009082,0.159134,0.6580,0.144165
199510,0.7615,0.746213,0.880282,1.389676,1.5807,0.00977899,0.160527,0.6600,0.150444
199511,0.7424,0.735998,0.850702,1.351832,1.5302,0.00982318,0.156924,0.6527,0.152439
199512,0.7432,0.732332,0.866551,1.363423,1.5535,0.00968242,0.158203,0.6537,0.150852
199601,0.7443,0.727643,0.824878,1.313078,1.5096,0.00935016,0.153398,0.6722,0.143947
199602,0.7643,0.728438,0.834028,1.330225,1.5320,0.00951294,0.156104,0.6731,0.148060
199603,0.7815,0.733407,0.840548,1.324550,1.5262,0.00934579,0.155885,0.6807,0.149647
199604,0.7854,0.734484,0.805477,1.278153,1.5050,0.00955749,0.152114,0.6869,0.147330
199605,0.7980,0.729714,0.799361,1.281251,1.5495,0.00926012,0.153304,0.6795,0.148566
199606,0.7856,0.732225,0.799680,1.285884,1.5529,0.00913409,0.153953,0.6860,0.150886
199607,0.7735,0.727431,0.834864,1.328238,1.5556,0.00936593,0.156986,0.6892,0.151217
199608,0.7910,0.730727,0.832709,1.321417,1.5612,0.00919963,0.155958,0.6900,0.150921
199609,0.7912,0.734214,0.796495,1.280832,1.5653,0.00895656,0.153681,0.6990,0.150784
199610,0.7930,0.745768,0.792205,1.291744,1.6278,0.00878812,0.156814,0.7070,0.152091
199611,0.8137,0.741345,0.767283,1.271919,1.6820,0.00878117,0.155831,0.7108,0.148854
199612,0.7944,0.730087,0.746826,1.271092,1.7123,0.00863782,0.156863,0.7065,0.146520
199701,0.7625,0.742170,0.704722,1.195349,1.6012,0.00824742,0.154048,0.6885,0.138064
199702,0.7765,0.731529,0.678656,1.159216,1.6287,0.00827609,0.148659,0.6924,0.133495
199703,0.7840,0.722804,0.695265,1.172701,1.6448,0.00808277,0.151630,0.6947,0.132626
199704,0.7795,0.715768,0.678196,1.128580,1.6200,0.00787216,0.140371,0.6930,0.127389
199705,0.7630,0.724743,0.706964,1.144429,1.6360,0.00859107,0.140548,0.6895,0.129116
199706,0.7550,0.724113,0.684650,1.121591,1.6650,0.00872524,0.136457,0.6790,0.129291
199707,0.7451,0.723589,0.660284,1.064166,1.6388,0.00844809,0.130976,0.6498,0.125282
199708,0.7345,0.719942,0.671637,1.083562,1.6203,0.00828844,0.133726,0.6385,0.126952
199709,0.7250,0.723380,0.687380,1.106802,1.6117,0.00828432,0.140736,0.6398,0.131622
199710,0.7030,0.709270,0.714541,1.135790,1.6786,0.00830634,0.143308,0.6225,0.133529
199711,0.6825,0.702001,0.701508,1.108119,1.6885,0.00782840,0.139034,0.6164,0.129492
199712,0.6515,0.699888,0.684463,1.087116,1.6427,0.00766577,0.135612,0.5803,0.125945
199801,0.6852,0.686719,0.674764,1.067884,1.6325,0.00786782,0.131586,0.5865,0.123250
199802,0.6785,0.702445,0.682035,1.078127,1.6453,0.00792896,0.131961,0.5840,0.124938
199803,0.6613,0.705219,0.655953,1.057205,1.6765,0.00750244,0.131139,0.5524,0.125031
199804,0.6520,0.699203,0.666445,1.089963,1.6727,0.00755458,0.134048,0.5555,0.129249
199805,0.6260,0.686295,0.674764,1.096317,1.6308,0.00722022,0.132755,0.5358,0.127632
199806,0.6208,0.679486,0.660066,1.084584,1.6695,0.00723118,0.130463,0.5200,0.125384
199807,0.6070,0.661726,0.670466,1.099399,1.6349,0.00691324,0.132328,0.5115,0.125636
199808,0.5720,0.635122,0.693626,1.112278,1.6760,0.00709723,0.128123,0.4950,0.123970
199809,0.5930,0.655222,0.724218,1.171015,1.6995,0.00732118,0.135099,0.5000,0.127470
199810,0.6250,0.648004,0.738116,1.180700,1.6735,0.00858738,0.135556,0.5295,0.127910
199811,0.6280,0.656383,0.716178,1.152794,1.6485,0.00811622,0.133601,0.5270,0.122926
199812,0.6123,0.650407,0.728067,1.173263,1.6628,0.00884330,0.131926,0.5270,0.123411
199901,0.6297,0.662471,0.705816,1.137100,1.6457,0.00862069,0.132926,0.5387,0.128419
199902,0.6205,0.662691,0.689893,1.099500,1.6027,0.00842460,0.126414,0.5250,0.122078
199903,0.6340,0.662603,0.676819,1.080800,1.6140,0.00844381,0.129400,0.5340,0.121758
199904,0.6620,0.685965,0.655437,1.056400,1.6085,0.00837311,0.127918,0.5605,0.118413
199905,0.6528,0.679117,0.654450,1.042200,1.6020,0.00827267,0.126510,0.5355,0.116306
199906,0.6611,0.678656,0.642880,1.031000,1.5765,0.00826856,0.126984,0.5295,0.117911
199907,0.6522,0.663570,0.670017,1.069400,1.6207,0.00871840,0.128634,0.5308,0.121625
199908,0.6380,0.668226,0.660939,1.058100,1.6086,0.00914913,0.127714,0.5168,0.121521
199909,0.6528,0.680504,0.665690,1.064300,1.6457,0.00936154,0.129207,0.5170,0.121936
199910,0.6376,0.679348,0.656039,1.051800,1.6425,0.00958865,0.127389,0.5068,0.121618
199911,0.6371,0.679348,0.629208,1.007700,1.5935,0.00982318,0.124085,0.5103,0.117467
199912,0.6560,0.692521,0.627746,1.007000,1.6150,0.00978857,0.124844,0.5234,0.117578
200001,0.6382,0.688848,0.606244,0.975700,1.6182,0.00931706,0.120467,0.4953,0.113443
200002,0.6155,0.689417,0.600060,0.964300,1.5780,0.00910084,0.119318,0.4865,0.114286
200003,0.6062,0.687853,0.601323,0.957400,1.5922,0.00973425,0.118554,0.4960,0.115808
200004,0.5837,0.674855,0.579710,0.908900,1.5560,0.00926097,0.111620,0.4855,0.111520
200005,0.5708,0.667690,0.592312,0.932800,1.4968,0.00928160,0.112032,0.4572,0.111272
200006,0.5971,0.675767,0.612858,0.954500,1.5130,0.00942152,0.116537,0.4690,0.113366
200007,0.5787,0.672043,0.599197,0.926600,1.4983,0.00911743,0.112816,0.4540,0.109027
200008,0.5764,0.679348,0.573888,0.887800,1.4515,0.00937559,0.110078,0.4268,0.105876
200009,0.5415,0.663570,0.579206,0.883700,1.4787,0.00926784,0.110223,0.4075,0.103864
200010,0.5181,0.654750,0.556235,0.848600,1.4505,0.00916170,0.107770,0.3962,0.100030
200011,0.5262,0.651254,0.575871,0.869400,1.4210,0.00901469,0.107712,0.4092,0.099602
200012,0.5560,0.666889,0.617208,0.938800,1.4955,0.00874508,0.113623,0.4423,0.105887
200101,0.5480,0.666889,0.608828,0.930800,1.4613,0.00859180,0.113182,0.4425,0.105012
200102,0.5248,0.652742,0.597514,0.921200,1.4433,0.00852660,0.112076,0.4303,0.101885
200103,0.4881,0.633553,0.576037,0.879400,1.4190,0.00796559,0.109319,0.4033,0.096339
200104,0.5096,0.651042,0.576535,0.887400,1.4306,0.00809258,0.109878,0.4128,0.097466
200105,0.5068,0.646789,0.556483,0.845500,1.4175,0.00841184,0.106621,0.4083,0.092678
200106,0.5100,0.658979,0.556545,0.847400,1.4077,0.00801732,0.107193,0.4047,0.091903
200107,0.5080,0.653168,0.578536,0.875200,1.4252,0.00800000,0.109469,0.4119,0.094118
200108,0.5277,0.646078,0.598874,0.909000,1.4510,0.00842105,0.112803,0.4375,0.095868
200109,0.4946,0.633032,0.617742,0.909900,1.4691,0.00838715,0.112613,0.4067,0.093571
200110,0.5030,0.628733,0.611733,0.899300,1.4534,0.00816060,0.112309,0.4125,0.093712
200111,0.5203,0.636254,0.609570,0.895800,1.4255,0.00811557,0.112032,0.4163,0.093686
200112,0.5117,0.627943,0.602482,0.890100,1.4543,0.00763126,0.111453,0.4161,0.095629
200201,0.5072,0.628338,0.581734,0.859400,1.4120,0.00745935,0.109794,0.4167,0.093703
200202,0.5167,0.623092,0.587372,0.865800,1.4129,0.00746491,0.112139,0.4213,0.095511
200203,0.5333,0.626645,0.594530,0.871700,1.4250,0.00753580,0.112956,0.4405,0.096497
200204,0.5372,0.637714,0.616675,0.900200,1.4565,0.00778513,0.118977,0.4472,0.097276
200205,0.5660,0.654664,0.637227,0.933900,1.4625,0.00805607,0.124961,0.4790,0.102622
200206,0.5628,0.658328,0.670241,0.985600,1.5245,0.00834376,0.132908,0.4860,0.108613
200207,0.5445,0.631114,0.674172,0.979600,1.5625,0.00834934,0.131234,0.4685,0.105097
200208,0.5495,0.641643,0.666356,0.980600,1.5476,0.00842034,0.132686,0.4679,0.106383
200209,0.5429,0.630398,0.677599,0.987900,1.5700,0.00821423,0.134953,0.4698,0.107828
200210,0.5548,0.640615,0.675447,0.988100,1.5630,0.00814465,0.134129,0.4856,0.108832
200211,0.5601,0.638651,0.672948,0.993200,1.5553,0.00814863,0.136351,0.4980,0.110181
200212,0.5625,0.632911,0.722909,1.048500,1.6095,0.00842105,0.144144,0.5239,0.115009
200301,0.5860,0.654193,0.730834,1.073900,1.6448,0.00833611,0.143554,0.5440,0.116090
200302,0.6075,0.672043,0.737626,1.077900,1.5737,0.00845881,0.139509,0.5580,0.117578
200303,0.6045,0.680504,0.738662,1.090000,1.5790,0.00846955,0.137438,0.5538,0.118015
200304,0.6262,0.697545,0.738280,1.118000,1.6000,0.00839842,0.142959,0.5600,0.122399
200305,0.6513,0.729288,0.767931,1.176600,1.6393,0.00836820,0.149439,0.5759,0.128776
200306,0.6713,0.737572,0.739700,1.150200,1.6529,0.00834237,0.138418,0.5866,0.125023
200307,0.6474,0.710530,0.728014,1.123100,1.6090,0.00830427,0.137212,0.5789,0.121655
200308,0.6490,0.722022,0.714031,1.098600,1.5773,0.00856825,0.133218,0.5785,0.119554
200309,0.6797,0.740357,0.757117,1.165000,1.6620,0.00897424,0.141729,0.5950,0.129029
200310,0.7077,0.757863,0.747272,1.160900,1.6956,0.00908265,0.141024,0.6118,0.127975
200311,0.7236,0.770832,0.774174,1.199500,1.7219,0.00912992,0.146542,0.6395,0.132433
200312,0.7520,0.773814,0.807754,1.259700,1.7842,0.00933445,0.150015,0.6557,0.138985
200401,0.7625,0.753864,0.794092,1.245200,1.8215,0.00944822,0.142529,0.6705,0.134916
200402,0.7717,0.745990,0.788644,1.244100,1.8575,0.00915248,0.141904,0.6852,0.134535
200403,0.7620,0.763359,0.788830,1.229200,1.8400,0.00959877,0.145773,0.6650,0.132450
200404,0.7210,0.729341,0.770179,1.197500,1.7744,0.00906043,0.145507,0.6242,0.130847
200405,0.7138,0.731743,0.797894,1.221700,1.8330,0.00907606,0.148686,0.6285,0.134086
200406,0.6952,0.745879,0.798722,1.217900,1.8126,0.00913826,0.144134,0.6322,0.132890
200407,0.7035,0.752106,0.781494,1.203200,1.8183,0.00897747,0.142674,0.6360,0.130200
200408,0.7071,0.759532,0.791077,1.218300,1.8031,0.00917431,0.145248,0.6564,0.133476
200409,0.7244,0.790639,0.801860,1.241700,1.8090,0.00907441,0.148655,0.6755,0.137193
200410,0.7468,0.819068,0.834168,1.274600,1.8345,0.00943040,0.156475,0.6834,0.140897
200411,0.7723,0.840195,0.875580,1.325900,1.9073,0.00970497,0.162890,0.7143,0.148449
200412,0.7805,0.830979,0.876271,1.353800,1.9160,0.00973899,0.164490,0.7203,0.149954
200501,0.7759,0.806712,0.841963,1.304900,1.8850,0.00965717,0.157337,0.7112,0.143310
200502,0.7940,0.813339,0.863185,1.327400,1.9249,0.00959233,0.161267,0.7288,0.146466
200503,0.7729,0.826856,0.836680,1.296900,1.8888,0.00932662,0.157602,0.7126,0.141563
200504,0.7834,0.795672,0.840477,1.291900,1.9122,0.00955657,0.159266,0.7345,0.140601
200505,0.7591,0.799233,0.803406,1.234900,1.8231,0.00926183,0.155589,0.7065,0.134938
200506,0.7618,0.815927,0.779606,1.209800,1.7930,0.00901632,0.152950,0.6959,0.128166
200507,0.7594,0.815860,0.777001,1.212900,1.7593,0.00890869,0.154357,0.6834,0.128843
200508,0.7514,0.840831,0.797067,1.233000,1.8012,0.00902201,0.156924,0.6932,0.132277
200509,0.7643,0.861549,0.775795,1.205800,1.7696,0.00882690,0.153067,0.6938,0.129383
200510,0.7480,0.847745,0.775194,1.199500,1.7689,0.00859402,0.153962,0.7003,0.125804
200511,0.7394,0.856898,0.760572,1.179000,1.7321,0.00835701,0.148383,0.7027,0.123865
200512,0.7342,0.857927,0.760572,1.184200,1.7188,0.00848320,0.148271,0.6845,0.125992
200601,0.7572,0.874432,0.782228,1.215800,1.7820,0.00855578,0.150292,0.6857,0.131529
200602,0.7430,0.878812,0.762718,1.192500,1.7539,0.00863409,0.148205,0.6634,0.126336
200603,0.7165,0.856898,0.767754,1.213900,1.7393,0.00851209,0.152765,0.6164,0.128778
200604,0.7593,0.892618,0.805737,1.262400,1.8220,0.00878812,0.162219,0.6368,0.135908
200605,0.7519,0.906865,0.822436,1.283300,1.8732,0.00890789,0.164780,0.6366,0.138614
200606,0.7423,0.896861,0.816526,1.277900,1.8491,0.00873286,0.160720,0.6105,0.138629
200607,0.7664,0.884251,0.812282,1.276400,1.8685,0.00873820,0.162359,0.6165,0.138606
200608,0.7630,0.903669,0.810636,1.279300,1.9024,0.00852152,0.158263,0.6545,0.138068
200609,0.7461,0.896781,0.799744,1.268700,1.8716,0.00847529,0.153721,0.6530,0.136748
200610,0.7743,0.890710,0.804894,1.277300,1.9084,0.00856018,0.153092,0.6707,0.138675
200611,0.7896,0.876194,0.835701,1.326100,1.9693,0.00865426,0.162543,0.6850,0.146346
200612,0.7884,0.858222,0.820008,1.319700,1.9586,0.00840195,0.160547,0.7046,0.146323
200701,0.7740,0.848033,0.801925,1.299800,1.9611,0.00826310,0.159729,0.6856,0.143569
200702,0.7892,0.854701,0.820412,1.323000,1.9613,0.00845094,0.163090,0.7012,0.142898
200703,0.8104,0.867303,0.824674,1.337400,1.9685,0.00850629,0.164544,0.7158,0.143191
200704,0.8326,0.903506,0.828912,1.366000,2.0000,0.00837240,0.168234,0.7425,0.149309
200705,0.8272,0.934492,0.816193,1.345300,1.9797,0.00821288,0.165555,0.7365,0.144527
200706,0.8491,0.940380,0.816993,1.352000,2.0063,0.00810438,0.169658,0.7730,0.146081
200707,0.8594,0.938438,0.831878,1.371100,2.0364,0.00839419,0.172159,0.7715,0.148927
200708,0.8157,0.946970,0.828432,1.364100,2.0165,0.00863334,0.171792,0.7025,0.145302
200709,0.8855,1.004117,0.856751,1.421900,2.0389,0.00869792,0.184860,0.7568,0.154452
200710,0.9271,1.053075,0.862887,1.446800,2.0777,0.00867528,0.185642,0.7693,0.157213
200711,0.8848,0.999300,0.885975,1.468800,2.0567,0.00900739,0.180979,0.7671,0.156725
200712,0.8776,1.012043,0.882690,1.460300,1.9843,0.00895175,0.184128,0.7678,0.154875
200801,0.8968,0.998203,0.922084,1.484100,1.9895,0.00936856,0.184754,0.7884,0.156843
200802,0.9370,1.020825,0.958313,1.518700,1.9864,0.00959785,0.192082,0.8027,0.162033
200803,0.9132,0.973236,1.007963,1.580500,1.9855,0.01001502,0.196746,0.7860,0.168464
200804,0.9419,0.990884,0.959509,1.556800,1.9847,0.00956663,0.195408,0.7810,0.166917
200805,0.9551,1.006239,0.959141,1.556000,1.9793,0.00948227,0.196572,0.7838,0.166781
200806,0.9562,0.981836,0.980200,1.574800,1.9906,0.00941886,0.196468,0.7609,0.166091
200807,0.9415,0.974564,0.953380,1.558900,1.9806,0.00925069,0.194844,0.7340,0.165202
200808,0.8563,0.940645,0.907523,1.466900,1.8190,0.00920048,0.184362,0.6991,0.155282
200809,0.7904,0.943663,0.893735,1.408100,1.7804,0.00943931,0.169808,0.6690,0.143970
200810,0.6574,0.822504,0.856971,1.268200,1.6165,0.01017501,0.149056,0.5815,0.128508
200811,0.6546,0.809061,0.822030,1.269400,1.5348,0.01047559,0.142814,0.5500,0.123154
200812,0.6983,0.816993,0.936944,1.391900,1.4619,0.01101443,0.143357,0.5815,0.126952
200901,0.6380,0.808734,0.861178,1.280400,1.4413,0.01113214,0.144596,0.5084,0.119550
200902,0.6419,0.786782,0.856751,1.266200,1.4276,0.01023123,0.141896,0.5030,0.110816
200903,0.6925,0.793273,0.877578,1.326100,1.4300,0.01008573,0.148287,0.5692,0.121180
200904,0.7317,0.837591,0.877039,1.324400,1.4799,0.01012556,0.152277,0.5695,0.125185
200905,0.7993,0.912659,0.935279,1.412600,1.6160,0.01046572,0.158381,0.6370,0.131196
200906,0.8055,0.860141,0.920217,1.402000,1.6452,0.01037129,0.155390,0.6447,0.129396
200907,0.8339,0.926698,0.937383,1.427900,1.6713,0.01057753,0.163540,0.6605,0.138560
200908,0.8439,0.911826,0.946163,1.435400,1.6314,0.01077354,0.166525,0.6856,0.140637
200909,0.8824,0.932923,0.963855,1.463000,1.6004,0.01117443,0.173091,0.7233,0.143367
200910,0.9038,0.928764,0.976753,1.475500,1.6479,0.01104972,0.175593,0.7230,0.141828
200911,0.9143,0.946074,0.995025,1.499400,1.6409,0.01161170,0.175660,0.7151,0.143023
200912,0.8979,0.955932,0.965437,1.433200,1.6167,0.01074345,0.172715,0.7255,0.139798
201001,0.8873,0.938791,0.947239,1.387000,1.6009,0.01106439,0.168916,0.7046,0.135406
201002,0.8961,0.950570,0.933620,1.366000,1.5239,0.01125619,0.169515,0.7000,0.140825
201003,0.9169,0.984640,0.949848,1.352600,1.5186,0.01070664,0.168387,0.7098,0.138835
201004,0.9306,0.988924,0.928764,1.330200,1.5308,0.01061121,0.169477,0.7320,0.138200
201005,0.8491,0.952653,0.867002,1.236900,1.4492,0.01101200,0.155359,0.6798,0.128301
201006,0.8682,0.964413,0.914328,1.233200,1.4985,0.01119194,0.154808,0.7099,0.129199